id,username,biography,public_email
14424889831,generalmillsfanclub,,
47071347452,thewaves.wmts,,
13700845,baileyreneec,,
3854499289,seshdigital,,
45743515787,cityworkersmusic,,
43050376492,strangerthings4.updates,,
26951015634,nikolasdunavant,,
2545442361,firetruck.the.mermaid,,
39423517448,beatsbysaturn_,,
43487217847,thedylanapartments,,
1133970528,chelseaplaceapts,,
44656034680,cchscore,,
8227458975,trexarms_,,
15626345528,lars.eb.pittman,,
3470685661,emily.wrisner,,
43035803923,landmarkmurfreesboro,,
177165665,jennifer111911,,
42840994997,pattyp.productions,,
607233287,_itskyriaaa,,
42285462802,seung_chips,,
37607413057,actualbenfolds,,
5891124154,wormteethh,,
39718773104,yo.murfreesboro,,
29422537544,huerta.jacome,,
5984909019,mtsuesports,,
6334752510,avocado.butt,,
1603578392,austinparkerpriest,,
31106183933,alsoknownaso,,
13070055751,dear.murfreesboro,,
2533528667,hallie.grace6,,
2192020643,haley_koren,,
38684814820,samuelivesgood,,
11120272433,laurafletcher43,,
39368889184,what_frog_you_are,,
7155855815,jackson.cole.harrison,,
7974974049,urmomsophie,,
38271822625,c_roper_art,,
2072373466,tuxstravels,,
20754311481,jmhartung,,
2234642880,rachelle.elnicki,,
23328072,thorf_,,
1205266879,reagan.ellison,,
230943526,sierra3ashlyn,,
190577804,lance_chandler,,
33159437685,natejones.music,,
1913233298,annmarie__nicole,,
10576488391,tf_memes.1984,,
483998139,moonymari,,
7812586821,dustin.jacobs.771,,
35521958991,megan_e.v._20,,
24838124034,macymariephotography_,,
4357341854,maciecampbelll,,
1968414973,jackelly2001,,
4059103008,belostinmysauce,,
1938772406,greysonbourne_,,
469218543,merleniielsen,,
31217579693,c__h__i__r__a__q__,,
9918203962,seandavis6775,,
15314045377,skye.smith19,,
25333338381,mel.kelvey,,
20286979732,x_syck0_buns_x,,
31621823175,kinsley_hiett,,
405280731,sunshine.mai,,
1317536083,benpaste,,
28161170683,aubrie.holder,,
27061770770,idk_gta_132456,,
29839948396,the_two_dudes_podcast,,
414606966,denzelcurryph,,
13974417108,grey.howler2023,,
4814559130,actuallydfa,,
2093563594,strangerthingstv,,
7478327015,p4ssion4te,,
21672868124,jamestwits,,
26190891767,aden_frame5,,
22738987206,jae.holder,,
5543193267,beatrisbarrera,,
379105063,lookatthisrussian,,
554322517,lmonroe16,,
194070314,xxl,,
5396398627,jacks_spam_n_such,,
25991745355,olivia_lemons17_,,
25550281483,captures.by.caroline,,
25754821331,_.bite._.me,,
25573768021,aarondbuck,,
21863823107,raratliff00,,
1331557106,eden.elisabethhh,,
2322895699,aubrieholder,,
791521179,brotherjones_,,
272284320,sammie_jam_jam,,
1605972432,bonnaroo365,,
5323989280,s_c_r_i_v_s,,
13365216820,amber_sandvig,,
20341360296,inside.code,,
8683163992,lun.reclipse,,
2004919418,sqonrutherford,,
22988243840,nicole.whitt18,,
4469665287,casperandromeo,,
22733648596,gannon8425,,
22246068630,mattoxad,,
489992346,barked,,
7887798027,creepygreentexts,,
22335091306,menu_and_gus,,
26133005,_gmccullough,,
6493273254,1minutetalkshow,,
13522969078,findstarman,,
4341362821,alexisnoflexes,,
3128881227,katierut_19,,
2952423002,blenderguppy,,
290175045,nosoysarah_,,
21281210066,justiceforchanning,,
21239221217,pink_gelly,,
4542882190,halli._.mali,,
20574166523,faithh.n19,,
20460760007,matreahtheundefined,,
6878189724,edgy.jazzz,,
16705986968,laurwashington,,
19936608351,the_mtsunicyclist,,
3683879387,bigblackpapa511,,
1557923725,fertilizer,,
18662048380,lindsey.k.perryy,,
287132401,deathgripshitposting,,
11790390330,themathematics_in,,
2237749759,mlleknox,,
18260995036,blantonblayne,,
18150578725,alivias_earrings_,,
7157750414,steadyrotationband,,
1616837726,aleigha_jennings,,
7348159629,cactus._.juice,,
8184473704,daddys_bakedmemes,,
7946285327,the.sliccest.ricky,,
16332214860,_maddison_nicole_,,
16133557864,malibu.girlllllll,,
1519157475,ann.rig,,
15216967398,huntercourtoy22,,
16008482916,smithsarah0915,,
15890269434,l.r.stine,,
1986524499,wifu_forthe_lifus,,
453392438,brittany_ice30687,,
14077864055,mastergecko117,,
4820457049,mem5701,,
210425965,bethany.e.oconnor,,
1059356752,mariahblack210,,
15001270861,khristians.auto.detail,,
47959573,a.lynn93,,
3285067275,biggesthomieseason,,
13538030293,cyberpunkgame,,
4418075783,maths.meme,,
14648360770,skillsusamemes2.0,,
199132922,allison.pippin,,
6750645996,chloegannon44,,
435865068,crull_,,
318572050,nuggetnoggin,,
7383101719,h4nn4h.m4yb3,,
14174339691,stupidbitch_juice,,
1764891756,bryson.clanton,,
4069240777,jfellers8,,
9411000592,pleath15,,
304366222,jalen_shelton,,
2546542886,kaydence.ann_,,
4189036777,memeinsider,,
48459589,_kenzziew,,
1205849331,timg.martialarts.fitness,,
4686598750,princessesspammm,,
7041598567,sk8rboi2009,,
8567437055,jasiyahknox,,
419484304,lil.chowwww,,
2117563495,justenkase_24,,
1815592699,trickyleader829,,
13453854555,leafy.g35,,
2228660326,kaylee.smartt,,
279519379,playboicarti,,
9757570215,findnewvibes,,
13143543499,lukebeachboard,,
11600214272,atlglocky,,
7413673300,thisaccountisforviewingmemes,,
12141625266,therealpackszilla,,
1341675267,sunraeflows,,
3262574271,diddy.kong.with.backwards.hat,,
314111506,savcearley_,,
12408369132,aaronharshaw_fccla,,
1370626974,niyon.x,,
261669196,___.a.j.___,,
1202623411,breanna.kluz,,
1617237717,_amberbh7_,,
8933471315,jordan999fire_,,
276397536,carrie_thiel,,
45563821,makaylahopeee,,
327777056,kiele_smith17,,
2102293878,mx_karina,,
7484305181,ccchs_guard,,
370586198,dewayneslife,,
299525881,thisisbrandonramirez,,
11619234273,ccchsunityclub,,
291391148,ruffmercy,,
7274967710,afroreviews,,
2948885876,wyatt_akers4,,
3969496290,andrewyang,,
211795534,slimjim,,
222338857,dannym0m0,,
3632322453,kariegwooten,,
7489215843,joshuad_1121,,
1965121962,the.seth.vaughn,,
9150890765,accountdoesnktexist_1,,
5394910835,ryan_quitain,,
10110331256,kailee_ms,,
4210346616,dearstrangers_,,
3935327470,hernandez_66_6,,
8470893250,landenbooth23,,
6191853677,graphica.mechanica,,
6610283128,paige._.27,,
10957222026,makav3llo,,
272599891,jake_kelley47,,
4541705501,aaron.ea,,
10220622832,asmr.thecringe,,
1353603789,critical.war,,
1678947837,itsoliviaward,,
1409542965,gearbox,,
4072074220,keleigh_shailynn,,
8357925806,rileyrheam4122,,
6527592892,that_welch_guy,,
1627245721,_.chloemartin._,,
3272000694,_foreskin_,,
3544504134,manchestercoc931,,
10924496403,neeleygreenefccla,,
1930295964,_chelseyba.iley_,,
6207026443,theuglyboi_with_bangs,,
295778951,bellaballer_23,,
6682122449,backthebadge6,,
10592250982,jehovah_java,,
7731222291,corrupted.snake,,
8089897948,emmalsingletonn,,
1419861550,bre.chansky,,
5643059257,k.gannon9,,
320772430,kenyonanderson,,
2205128045,cometcoming,,
20769740,aoc,,
10231014874,ccgivingtuesday,,
2228727348,januaryjasmine,,
7209252064,kristoffers.spam_boi,,
10586554062,pllybrow31,,
10568522735,mooioios.spam,,
9072997438,isabel__watkins,,
10430800199,justin_gravitt3,,
10345825964,hazey_hearts,,
1733298963,heather.feather.co,,
2000097677,woah_chloe55,,
17673863,trevorhenderson,,
583383672,salad.snake,,
56094810,castleofhyrule,,
3121302608,blaynestaaa,,
9750253357,llovelymusic,,
8270572015,c_e_roper,,
1563193783,alaynamariew,,
3256164413,byron_sullivan34,,
1521400218,bellesnbeaus114,,
5322144418,commentsbycelebs,,
2309845192,zee.pyro,,
7209575268,breiydon,,
54544980,actxvis,,
2235089843,skillsusarhs,,
2119907164,jackson_kelly01,,
6594922441,thehiddenbiscuit,,
28527810,billieeilish,,
1515226654,ruby_maxwell_,,
3449517903,dakota.dunn1,,
7206074971,bnacarpet,,
487954147,natgeomaps,,
5512007739,_gtripplesixx,,
4277471537,jamesgarner1988,,
291295426,bayleenester,,
748853285,rivera_e00,,
8690424322,kati3sudb3rry,,
5511602253,elizabeth.brown._,,
376837192,datzdillinger,,
8258263750,worldoffamilyguyv2,,
6231840126,braydenkg03,,
2155817908,syriniti.dawn,,
7765181470,feliciakaymedina,,
6764112472,4chan_green,,
3016173577,abbystoutart,,
1071504596,philswift.tv,,
3519932635,_bks134,,
8685907289,unexpected.exe,,
4212417646,odalisgarcia_5054,,
6864706879,green.txts,,
845249902,serena_skye3,,
8755079063,shhs_skillsusa,,
8947037982,rekrapnosduh_v2,,
4835868026,youngvapelord,,
5808959864,_mdsnbvghn_,,
671053570,mtsuwmtsradio,,
2940006675,g59records,,
6315200269,_lilychristian_,,
4917426250,sus.puppy,,
308249587,laughfactoryhw,,
2358903487,okkk.jazz,,
8929812220,deez_pix,,
6915732370,annaguccigann,,
9054308825,thehammiehamms,,
4710803426,fortleak,,
490284056,clairemballard,,
4288192089,clingy_chole,,
493184164,andrew_lawson99,,
1482259052,jaxon.vaughn,,
4474365019,the_wilder_mom,,
2101932150,nnnnunnez,,
1131863288,_hannah_grimes_,,
195027953,averibcole,,
797028087,_.rachel.johnson._,,
202723910,emeliejulin,,
7321373827,macyxmarie,,
8440808126,brianoodle,,
3704741552,malachi.vazquez,,
8571632787,shreksmassivepepperoninipples,,
6607397,germ,,
801018910,tn.icole,,
349379376,kayotic_k,,
4118538052,ricardo_garciaayala,,
7238807537,fblatnmarissa,,
2042216250,montanabowers,,
4781260488,grxcemartinez,,
616496415,logan.riley18,,
6991777628,nicole_roberts9543,,
4255329343,dylanrheneghan,,
268764893,maglash_,,
55682578,solarfieldsofficial,,
7871848860,blackdoctorslounge,,
7490339940,watkinssshelby,,
3546315459,maggiesproul_,,
335758256,bradley_kishpaugh,,
224449691,taylorj.garrett,,
8507412019,the.coffeepress,,
8322545963,kylefarless,,
229689173,jalen.morr1s,,
8502850623,skillsusa_coffeecounty,,
505721575,johncena,,
3713322765,hannah.richardson_22,,
8482106657,lcywest_,,
564705571,andrescavalie,,
8475603929,ccchsinteract,,
4535028016,ashley_reynolds2019,,
6680807125,yooomea.finstaaa,,
5542844904,youlmfao,,
8230212646,k_draws_stuff,,
278071453,hai.a.frank,,
1505155022,makenna.orrick,,
6233619721,dylan._.722,,
231519404,faeleab,,
707041725,sarah.wxyz,,
3406530939,austin__farris326,,
3435861553,reyisacuban,,
5915446515,tm_kenziee,,
7911198248,eightball_prime.8,,
33829443,savannahchrisley,,
377394867,lorenagiesbrecht25,,
1533948767,hannah.haley12,,
24359643,makenzie_moorehead,,
8360171936,dumb_dumb_dishes,,
3056945743,marincrops,,
4774125279,b4pis,,
21877066,calebb___boydd,,
6234578313,suicideboys,,
34416775,da_n__,,
30333723,taylorsvandiver,,
2071109267,doit4.state,,
1668628177,hopeccorn,,
3448803604,therealgushers,,
3091179580,mason_land15,,
8140350269,beckyy.finstaaaa,,
259040436,mylifewithlennon,,
3515524319,krislynmelson,,
3454623408,c.h.honeycutt,,
4960330192,will_t_greg,,
3964768556,tracyedberg,,
328182178,kauff.drop,,
7284496683,therealmarkes,,
986957209,bella_lowrance,,
487521120,fblatn,,
318287554,raidenmartin_33,,
7563172247,j.vansmith,,
5507406659,bri.spamzzss,,
5906560941,ky._.boyd,,
1497958024,gremlinmichael,,
1465663075,toriraehart,,
226703612,teegan.jones,,
6949842527,photography.bymariah,,
1507527237,foster_life,,
1949631200,sarah_gonce,,
3956949398,zachmayo43,,
7303855281,itsenergie,,
3484978655,jundroo_games,,
242763678,fro_doodles,,
1080993564,tennesseefccla,,
468988197,studentdoctorbecca,,
6840601294,ww1photos_info,,
4742308419,x_health_updates_,,
6028372404,rian_lusk,,
412915750,cdpred,,
4221691642,tarrah_ivy,,
2278371856,kelsiecaldwell_,,
305980607,pasqualestafanomusic,,
289963144,dock_in_absolute,,
1788512229,gogo_penguin,,
9766379,playstation,,
1915389366,libertyyym,,
1442631936,iambonnaroo,,
1293213374,sushitrash,,
2077685663,ninja,,
303043941,jaylieshaver,,
196956383,cimrun.s,,
2951826317,itsjustjennaaaa,,
291857932,ameliaaa.faith,,
4318625366,luv.alxa,,
1414400506,insta.bad.karma,,
7543340001,aaronclark78910,,
7614013871,goodfriendsfest,,
7901721783,finstaaa.des,,
1429117631,alison.elam11,,
1488438914,lane_spry,,
855940960,ali.lemm,,
26060663,idubbbz,,
2266121116,alexis_miniat,,
7041542047,fairview_tsa,,
1765843225,isabelchhris,,
3422638673,hot_and_greasy_memes,,
324384048,caityyfoster,,
244708881,caitlindavidson__,,
233850156,kaykaybowman,,
175519025,hbaileyford,,
3572966854,laurengrevelle_,,
5335294855,brett.jones_,,
486130685,kyliereece02,,
1413868561,karrie.lynne,,
1192899491,fortnite,,
305785771,megan_elam94,,
1515272878,monselleon,,
7631299930,shannahframe,,
1407810463,sammy_smith44,,
7610432703,emileeroberson_,,
4260636561,kalebburdine,,
2077642093,saint_knox201,,
297131371,destinythegame,,
1364650297,nathan_kqa,,
732493869,1dopefella,,
7516140410,craigboyd80,,
7501131754,shs_tsa,,
188050690,peshmergaswe,,
1964496392,codymiller7765,,
34248830,stevenjmitch,,
346014802,harvestlocalfoods,,
275761569,colton_simmons1,,
7227198465,sarashitttt,,
7124302723,katlynboyd1,,
7197566925,spottableowl,,
17776238,cheyenneaarnold,,
369831910,evan.mays,,
1464774420,okkylieee,,
5460673879,deftdynamics,,
261081791,feliciathegoat,,
7214751959,kelsothemesso,,
7138216931,nikki_ball99,,
4947650314,liltoe,,
5609812915,spam4bees,,
2301588056,melly.mck,,
7011259778,_allboutkai,,
6289394823,brandon.abigail09,,
917417255,mayapolarbear,,
181525044,yungxrist,,
7007834792,pacific_workshops,,
1574082707,jayaarnold.ja,,
5979056570,geofacts_maps,,
6197588300,llemons23,,
7040771310,nescc_skillsusa,,
717236324,wikileaks,,
3462294186,gannonjoseph,,
321481455,mmmsquish,,
6991034721,su.mmer418,,
2324244386,freeze1210,,
5637984120,s0lod0lo_,,
6956090287,q.so.wavyspamsss,,
6985528605,cara_finsta22,,
2954483356,amapaday,,
546017732,amstalaboin,,
4758191354,matreahthegod,,
6907671692,groundzeroathletics17,,
1811831570,tommywiseau,,
4510594485,rookiez_wingz,,
6894733350,1800_eatadick,,
1205446125,__livvvvv__,,
277120338,bigman_cox68,,
404751509,teamseshbones,,
1751680820,lilmayo,,
5853074988,931_lawson,,
4160195155,yunggravy,,
3185509068,playoverwatch,,
5096776959,_.madys._,,
2386607694,thrift_pickups,,
3954472489,scienceinsider,,
1903034225,dentho633,,
6827814886,baby_angle2001,,
14105198,shuapeck,,
5866637423,madison__28,,
254488727,xsproject,,
1706791293,amazinghistorydaily,,
199919833,haven.shae,,
1639765230,spacexpage,,
6634652279,wustiss.for.jillow,,
1480128308,rosenbergthedog,,
6611401486,chuckingchiccs,,
39887035,maxdotbam,,
8302160,matthew__curley,,
2924426570,ehhmaybe,,
574865340,ashlee.renay,,
2231951680,braxton_white03,,
4930122628,alessandra.nichole,,
14524032,suicideleopard,,
1675692943,isaiah_the_king07,,
38136786,21savage,,
6445231506,cheechakee_boys,,
1432609192,postmalone,,
1512820818,h3h3productions,,
6416762584,underwoodte73,,
1503380566,csud98,,
208691259,ericfuckingandre,,
222682079,tateredvideo,,
1191461222,idolikebugs,,
4910183026,oh.raylan,,
1353268424,jakebmelton,,
311758251,elexapayne,,
6197777650,amiirmiirbagherii,,
1731626868,_walker.maryanne,,
4815634,camrynyeeton,,
1991799311,grubbs.jackson,,
1656119313,jayrod_77,,
301340995,_emily_love_2002_,,
5856325620,_u_found_dankk_,,
223262423,jadebarma,,
6212833009,joseph_hosea00,,
4117470685,alt3rnative.alt,,
448584427,worldskills,,
1159833,skatunenetwork,,
6211084393,mlleknoxfanpage,,
4179975195,dontsqueezemybigtoe,,
5441540891,lucidmantis6785,,
7842406,pitchfork,,
300764101,_autumn03,,
175931981,mmercer21,,
3956593809,skillsusavirginia,,
1973900898,sierrascott725,,
20570958,jesselebeau,,
6183442459,0712woodward,,
1520291969,livy_rayfield,,
858171102,derekfromalaska,,
238701557,victoriaryan3,,
6109129390,saucy.fellows,,
6100226144,ireallyamvsauce,,
208310178,lailamirza_,,
2105160448,garrett_farrar,,
2126729601,kendrick_bbq,,
3290833892,tashaann97,,
3141406699,farrah_mascara,,
739968404,vanwill11,,
1593701332,_abyhernandez,,
308897192,_kathrynwelch,,
1025938537,kyra.kerns,,
199083582,tatum.nicole29,,
6043095476,mcgavockskillsusa,,
1737383832,b.rigsbyy,,
3070766920,mykinnahd,,
5538813876,stevenbilltheturkey,,
6039086073,ass_bandit,,
231064456,_tylerwshelton_,,
359415692,nbrad13,,
522894300,mad.wheelz,,
190161599,brooke.freeze,,
194009662,q_raudat,,
193584593,delaney_harris10,,
5669281744,keenan_pbl,,
641692118,decatn,,
28752850,mikesmithlive,,
2008821730,itsjack.please,,
1726689866,rainbow6game_us,,
1930515657,colleen.aintright_,,
5472737217,wholelottaaryyy,,
4573796666,keitherrose12,,
2126107933,autumn.henley,,
4007129973,sekota,,
1364923087,rachelhenegar,,
425928256,b.rayfield24,,
5682173909,sierralee2133,,
5891668255,studi024_,,
3885543167,sydney_e_grace,,
1715666273,cc.eh,,
5173530,arbys,,
242432311,nathanlpruitt,,
29511083,taylinjulia,,
421421278,w1ll.pow3r,,
1918810870,kenzie.bastian,,
3068033143,assley.queef,,
4156249705,q.so.wavvyyy,,
4177498780,abigail.brandon1234,,
332979715,yeli_bulay,,
571707973,isaaclrackley,,
1505509944,theabybinu,,
438601526,tsa,,
398077791,kristentaffar,,
344154566,roypurdy,,
4499703446,that_m.e._girl,,
1420308843,musiccitydbc,,
4926078743,leonnluna,,
2352035962,chiaragisi,,
1235060517,mikerowe,,
5566235774,channahfayegannon,,
5714097948,joey.thompson.5621,,
1106450482,breezypbnr,,
1363386510,keithstubblebine,,
5444320630,its_not_east,,
327906525,kalebdeason,,
5638287576,ericalynntack,,
40490556,gray.vibes_,,
498688108,kevbotros,,
5633257611,jokes.on.you2,,
2231279394,dwaynepinegar,,
2253844043,l1b3rtypr1m3,,
1447148918,trava.elizabeth,,
5569767321,nrosswallis,,
246787550,kaylee_skipper,,
203072832,simonsaysvoteforward,,
1479029898,tn_skillsusa,,
1983516515,ghunt188,,
5534313154,crookedcuts,,
321415604,jaquelineramirezxo,,
387256079,emilyjochristian,,
647181944,maria_paascual,,
277081683,trailcourtneyy,,
5505224125,brason_fletcher,,
5139099549,marcosgarrcia,,
290955669,sarah_turner567,,
5507612599,marley_perry1614,,
1525490862,alexizclark,,
243346936,jadenstewart_,,
1627169149,isabee_19,,
3978472663,aquafresh_toothpaste,,
25775935,laceylareigh,,
1524548620,joee_white,,
280411958,sarahcjohnson_,,
5486141301,josh_warren_me,,
4213654404,zeney_zga,,
3062337858,gelly_boi,,
3532204896,breezybug,,
3299398036,joshuadavis2001,,
1717576612,grace_kellie08,,
274910719,jordydru,,
1540089307,cable.harden18,,
4010801394,trumpincinema,,
3684143404,jt_j0hnson,,
5382069590,veganbeefs,,
4322087277,holliibeth,,
359362797,lexi.williamson,,
5396024095,reagandianna,,
3829030676,_cookie.monster_7,,
1456807987,micah.chase,,
2141697435,__ariah___,,
2054001792,juliadawn24,,
182196805,chancetherapper,,
556130383,jjones.14,,
4058794827,colleen.102,,
4741332298,deleteddddd.instaaaa,,
5331827693,m.e_spams_marye,,
199088252,cursten_faith,,
296296238,courtneygravely,,
602893672,kylie.brownn,,
1492114569,cjfrazier17,,
3230339578,koon71,,
1523006583,katelynblashby,,
332909175,brandyl_25,,
1621742590,josiemarese,,
1436583675,sullivan_beth,,
2080878117,ccstugov,,
1482766921,naccarney,,
1986147106,james.warrick.lynn,,
17078141,xxxtentacion,,
179789867,hqualls9,,
1617907404,halliemeriah,,
1193967723,delewe_jr,,
3883750966,cadedavis_72,,
2830670877,dirtygoober,,
1525486210,uhhleas,,
2218227890,carlie_barnesss,,
242006988,a.evans21,,
1478727589,wevolverapp,,
3253955784,nic_watkins_,,
220666031,britney.keele,,
4341955221,klc.photographyy,,
4182299039,sekotachapet,,
3423194304,meagann_hope,,
1945847843,talk2toe,,
195732322,cbreann__,,
3190027305,savannahfreeze_,,
3281773053,jordan_hall_5.4,,
4683019227,willow_finsta,,
4793447100,d.montrell,,
343355535,sylis_ka,,
3445725065,you_found_jakoveyy,,
4668857476,thegcproductions,,
693152495,kayla.johnson16,,
4640900235,cade_davis07,,
4260572365,cherylkilgore_4,,
4605332656,jadespammmsacc,,
2253383208,gbmemes,,
4407237509,2amfeelingsforyou,,
4369449261,wisdomispoder,,
2283826939,cchsamber,,
4625539466,live.kahoots,,
4179167076,rgannon921,,
1793951489,byslexic.datman,,
1631256553,juliehartung,,
4044805901,kahootraids,,
4376091320,rafael.rafa88,,
4401270791,audiotheatersnares,,
4318406510,arinstoutphotography,,
1916470782,thecrownbrass,,
4508159073,scuba_steve090701,,
4472279115,femaletimelord0196,,
4461205377,xgotdangx,,
4358088825,tyler_luttrell61,,
4374751023,ashleighb2015,,
3153750080,marley_perry16,,
3430083436,sherrill.dalton,,
4299278972,cyndal.meekss,,
857541621,r.egann,,
2293671397,kristinamoore711,,
4221516660,joshua_m_sanders,,
4273330849,unintentional_abortion_,,
2879953793,storme_b,,
3031968558,alyssa_broadrick,,
1628597681,tjgztrslg,,
1010895602,unfortunateweeb,,
3767401396,king_savage_30_1738,,
1270336313,kristenway,,
3409285331,band_fam_forever,,
3642108447,casey.kerns,,
1971844571,tay.lorance,,
4174962973,meganhartung,,
4103965905,finstaaa.amber,,
3313253011,meechelledong,,
4170485100,zepher_psn,,
1737786258,dci_videos,,
240368288,nicklkeele,,
255267108,baileebrown19,,
4157307028,gabbycoker,,
325584713,itsmauhey,,
2353295513,des_x_nicola,,
521360932,destiny.y.y_,,
4053743412,catherineheatherly,,
4118608328,chase200116,,
1646576867,drum_minor16,,
2354106528,http._daisy.m_h,,
4089952328,_._quotes.for.life._,,
4089275422,hgold3437,,
4062925028,deletedthisss48,,
215117337,wright_m,,
1178883644,silasvaughn72,,
383352023,cammwestt,,
1456809930,giants_2208,,
2895875689,lowcarbmemes_,,
3981669392,_bestfriend._goals_,,
184595688,rockstargames,,
4004735062,100.qvotes,,
4042416515,terminater22799,,
2132939265,caroline_e_jacobs,,
330788648,ashley_thomas06,,
1958964694,loganthewelsh,,
2208079122,charlee.kathleen,,
2321004665,_.s.a.r.a.i_,,
468387771,allie.robz,,
1550465351,getfitwithmary_,,
1905755693,bigbooty.quotes,,
196493807,spencersown,,
349425329,bazoinked,,
2981816911,yeehawcowboyman,,
3274329248,your_favorite_coat_hanger,,
710362156,thegaycholo,,
306411909,southerland.hf,,
3930630397,dyllweed,,
672801717,ash.moss,,
1500462996,thisgirlisnotaprincess,,
296593776,official_shelby,,
209162595,physicsfun,,
867867122,speaking.of.madalyn_,,
263556068,court_sandoval,,
3908239566,msaine25,,
367551053,stevepruittmusic,,
3904703955,xbrandi_kayx,,
255047622,mattgilley18,,
360219014,alyssia.ferrell,,
1681257050,breakingbradp,,
391352957,han_nah_l,,
2709164951,kara112900,,
309107258,zach_brown_still,,
3034705695,reedjohnson_,,
3689419567,andrewfrideczky,,
1672910242,bluecoatscontraline,,
521116044,garrettf_13,,
3637940850,jesssdaniii,,
3637642952,farrahhhh01,,
293544275,rachel.michelle4695,,
3649859201,aaaaa.dooders,,
3649257041,raideryb,,
3648800955,lekutta,,
2957905822,scuba_steve_090701,,
2234832785,destinyhumor,,
835065562,t.money.austin,,
29478383,annashyanne,,
1983118680,time_hopper_lady,,
1516244411,dci_tubas,,
2197660456,emnichole101,,
775318416,_sara_vergne_,,
3558875245,gravittj,,
1978352901,_jade.arnold_,,
3206412630,angelina_walker_,,
3502741283,idkwhothisis1234567654321,,
1637930737,fullsendmilitary,,
32198126,shelbelizabeths,,
2275609315,perfectamente_imperfecta18,,
1943571019,lane_grissom33,,
456462567,kyla.craig,,
243531189,jenna.garretson,,
1539087050,vaughnsawyer,,
230479199,amandammukai,,
1703623584,travis_swauger,,
184182817,aaroncooke_,,
1224091486,nikki_hernandez_,,
3308334967,deleted_account23456790178,,
38115131,sherryjrngn,,
421695530,andrew.wrightt,,
3519796485,spongebobbandjokes,,
1214969475,aryaunalazo,,
213931297,hannahclarneau,,
373260551,bk2_matthew,,
3515709664,kathyrrios,,
3518019866,confess_coffeecounty,,
1513955417,brittanyfarless,,
3011859813,estill.briley,,
1407489996,_mary_hannah_,,
221384734,sg0ldie,,
197554087,greyson_nekrutman,,
3422997422,johnathon_johnson00,,
1171167464,madelein3r,,
189220811,princesscaittlin_,,
46930236,kennediwalz,,
258970509,metcalfhailey___,,
3406396484,jenni_gunn,,
256931202,elissa.renee_,,
1804090640,_sunflowerkels_,,
1996633335,sydneywhitworthh,,
3464466680,abbiegilliam,,
3419527085,joel._m16,,
3172510593,aliyaaah_ward,,
1594946679,destiny.grissom,,
2669512253,auctioneerbeats,,
755195577,john_brigham,,
3443444631,shelbycwilkinson00,,
42262797,xoxolexx19,,
629015274,939theduck,,
1269928593,toddchrisley,,
3316237252,lysdyt,,
1447827442,cyndal.meeks,,
2241643007,thatbandthoooo,,
1962721487,ldillard501,,
1652747479,jfaye_11,,
3265007851,xvtvmnn,,
1935475683,jennalawtonn_,,
1617547135,astacy_,,
3131991431,coderisaac,,
3253876962,mixed_beans69,,
1095898498,_meg.maryg_,,
1739409667,peshmerganor,,
1598016747,kristheth0t,,
632808542,caitdarlene,,
1413144115,shiane_gilbert_,,
1586569717,ashleym1101,,
3209009558,james._.brewer,,
180587216,angiegann7,,
696856912,lillie.holt14,,
3104742415,scottie.duke,,
2978250506,creartion_dcmarvel,,
3172490715,tannerbrisbane,,
2992858421,carter5763,,
2461041736,therealro.zzo,,
805490515,brockleeeee,,
1078141528,a_weidenbacher,,
1502237644,usafjets,,
2976110253,dusty_gannon,,
208891734,bluecoats,,
2941083867,blue_gypsy_,,
3134669878,_kaleigh.shay_,,
3133398321,_meme_dady_,,
1468473290,stinkyfatrat,,
3088904248,thatkidalana.spammm,,
1662680526,military.artworks,,
1938541362,foodie,,
640518667,freya_lowry,,
1404573807,steven_marshall98,,
1350624613,josephmmelton,,
2125811446,breasticlesvids,,
202355227,allison337williams,,
410479165,_jada_w,,
203116595,ok_usyckgxhvuo_gf,,
1689911443,maddymay20,,
2249813864,deschex03,,
302385926,istoleurgummybears,,
2296226680,cassidi_escalon55,,
3020031683,talleyeve,,
3018815106,coffee_county_minutemen,,
1836467603,jessicabarrrera,,
2633230931,nomorechickennecks,,
2895923838,leeann_gracie2,,
2869769492,jessdaniiii,,
1239271045,obsidian,,
528321742,wowsopunny,,
410582277,edward.starks,,
2544725046,matt.6415,,
2413119508,_anakin_wayne_,,
2095743981,_t.ylerf.rasier_,,
275370449,baldwintwocooley,,
431996827,newromeantic,,
437167933,atomic__wolf,,
2529763843,nappyheadtaco,,
1751717406,collapsed.reality,,
2538918861,zedanorman,,
449771796,ndbsporthorses,,
215007312,ford,,
180612767,keyleighalford,,
2362516254,haydencooperr3,,
1199794825,kawknocker,,
2316270916,chase200115,,
2299662294,everythingmarchingband_and_dci,,
2323659367,wildermelinda,,
2266189077,_.queeen.savageee._,,
2311252788,breewilliamson,,
1122243363,b_a_w_2001,,
644767486,papafranku,,
1826149294,emily_meeks1104,,
1396936940,dankpotmonster,,
2222118992,hannahrichardson_11,,
2263467840,spoudermen,,
2156432819,sloneneil1234,,
2036215847,k_marzzz,,
2221779585,kacie.hughes,,
2114676209,thisaccountmakesnosensex,,
2049764062,wth_heather,,
1655480686,annamarieparnham,,
2267432471,igmommaday,,
570323064,sebastientarin,,
2262837427,drake_medina,,
2258904108,megan_hickerson,,
2229957049,jackson_kelly_01,,
313054936,keatonmai,,
1619816254,layne.boothe,,
2040632271,music_girl_marie,,
551044383,shelbycwilkinson,,
2245685808,k_l_roper,,
13203488,bonnaroo,,
2247064576,rozz.michelle_sing,,
41686462,miranda_dulin,,
1646112166,d.the.savage,,
1915744826,valentiiinescards,,
2102424277,nunley.hannah,,
219761530,al.robinsonn,,
418240076,floyd.faith,,
1631129017,dimpipatel_,,
1996310759,sciencejoke.s,,
428110878,itsyaboyyyyyy,,
1337343,youtube,,
2229861209,noa.yerrrr,,
2228731669,kim.kardashian.kk,,
175494921,t.freeze,,
789500787,themusicman26,,
1617830965,daylan_todd,,
305024453,michelle.qualkinbush,,
212340622,jayden_deaver,,
528817151,nasa,,
1637085212,hunterh__fishin,,
1683085573,j.c.b.01,,
1634390879,brittney_ann_marie31014,,
308811896,esmeralda.lozoya,,
1479207495,auroraonsticks,,
266222456,parkera13,,
1479379837,_isaiah_22_,,
1275848238,peyton_mckenzie1738_,,
2214282775,ccredraidermarchingband,,
2212858593,afterapolloband,,
319580957,spicytexts,,
1384103932,chase_pruitt_,,
1921211134,_.kaylee.delynn._,,
1902933168,mego15,,
1457288880,ysn.timbo,,
386551809,nathanbrown_1,,
1140629834,cornerstone_equestrian,,
46028929,jessicaduke94,,
1608272044,peepeepoopoocheckrileyriley,,
2186849356,misschanchan.angles,,
1548460586,nathaniel.horne,,
347185137,vehlix,,
1819507149,2.718281828459045235360287420,,
1908263516,kalithetaco,,
2136667265,_jackson.hamm_,,
1832641026,my_crap_doppee,,
590833153,j.constantine8,,
2176647700,monroe_abby12,,
1533894647,alexhershman,,
386450326,haleynoelmiller,,
1773031318,patty.phongsa,,
1772936784,leah_branielle,,
1274418474,kayteegrace_,,
180782619,scvanguard,,
2108127706,natalieelzeerr,,
1999724622,party_docta,,
1997493827,alexis.vpl,,
268320431,bungie,,
22870752,codycartledge,,
1900377023,mcmonagle.kevin,,
307529827,carocrisp,,
1924374457,lil.babyyyy2019,,
855854858,sailorquartzz,,
275436799,lucy_baldwin4,,
321513932,x0_horses_x0,,
32727943,alainamurray3417,,
1728505657,lacey.dliz,,
247039957,mrs.vandever_,,
488191459,kaylee_williams93,,
